{
    "groups": [
        {
            "groupName": "ToHall",
            "waypointPositions": [
                {
                    "x": 0.6000000238418579,
                    "y": 0.5740000009536743,
                    "z": -14.0
                }
            ]
        }
    ]
}